event_id_cnty,event_date,year,time_precision,disorder_type,event_type,sub_event_type,actor1,assoc_actor_1,inter1,actor2,assoc_actor_2,inter2,interaction,civilian_targeting,iso,region,country,admin1,admin2,admin3,location,latitude,longitude,geo_precision,source,source_scale,notes,fatalities,tags,timestamp,population_best
EGY10042,2019-09-22,2019,1,"Political violence; Demonstrations",Protests,"Excessive force against protesters","Protesters (Egypt)",,Protesters,"Police Forces of Egypt (2014-)",,"State forces","State forces-Protesters","Civilian targeting",818,"Northern Africa",Egypt,Suez,"Al Arbaeen",,Suez,29.9737,32.5263,1,"AFP; EuroNews; Facebook","New media-International","During the night of 22 Sep. 2019, security forces fired tear gas, rubber bullets and live ammunition at 200 anti-Sisi protesters in Suez. Several protesters were wounded. .",0,"crowd size=200",1618528470,84556
EGY10634,2019-12-20,2019,2,Demonstrations,Protests,"Protest with intervention","Protesters (Egypt)","Labor Group (Egypt)",Protesters,"Police Forces of Egypt (2014-)",,"State forces","State forces-Protesters",,818,"Northern Africa",Egypt,Sharqia,"10th of Ramadan 1",,"10th of Ramadan City",30.2964,31.7463,1,"FJ Portal",National,"On 20 December 2019, police intervened in a protest staged by employees of Oriental Weavers in 10th of Ramadan City (10 Ramadan, Sharkia), with no reported injuries or fatalities. Employees were protesting recent layoffs, low wages, and unfair treatment .",0,"crowd size=no report",1618528543,16673
EGY10657,2019-12-15,2019,1,Demonstrations,Protests,"Peaceful protest","Protesters (Egypt)",,Protesters,,,,"Protesters only",,818,"Northern Africa",Egypt,Beheira,"Damanhour City",,Damanhur,31.0392,30.4691,1,"FJ Portal",National,"On 15 December 2019, protesters organizing under the name Ahrar Al Buhaira protested at night in Damanhur (Damanhur, Behera), chanting slogans criticizing the military for arbitrary detentions, poor human rights record, and for the deteriorating economic conditions in Egypt. .",0,"crowd size=no report",1618528545,122636
EGY10677,2020-01-21,2020,1,Demonstrations,Protests,"Peaceful protest","Protesters (Egypt)","Health Workers (Egypt)",Protesters,,,,"Protesters only",,818,"Northern Africa",Egypt,Menia,"Menia City",,Minya,28.1099,30.7503,1,"Madamasr; El Fagr News",National,"On 21 January 2020, members of the General Assembly of the Doctors' Union protested in Minya (New Minya, Menia) after a memorial service for three female doctors who had been killed in a car accident when the minibus transporting them to a medical training. Protesters denounced the Ministry of Health and called for measures to improve the work environment and decrease administrative abuse of Egyptian doctors, specifically the practice of arbitrarily sending doctors to work in other provinces without warning or extra compensation .",0,"crowd size=no report",1618528547,24137
EGY10678,2020-01-23,2020,1,Demonstrations,Protests,"Peaceful protest","Protesters (Egypt)","Journalists (Egypt)",Protesters,,,,"Protesters only",,818,"Northern Africa",Egypt,Giza,"Al Doki",,Dokki,30.0351,31.2140,1,"El Fagr News; Masr Alarabia",National,"On 23 January 2020, journalists at Saba7 Newspaper staged a sit-in at the newspaper headquarters in Dokki (Duqql, Giza), demonstrating against the suspension in wages that has been ongoing over the past six months.",0,"crowd size=no report",1764045636,25670
EGY10697,2020-02-01,2020,2,Demonstrations,Protests,"Peaceful protest","Protesters (Egypt)",,Protesters,,,,"Protesters only",,818,"Northern Africa",Egypt,Matrouh,"Mersa Matrouh",,"Marsa Matruh",31.3525,27.2453,3,Rassd,National,"On or before 1 February 2020, an unknown number of protesters gathered to protest against the evacuation of a hospital in Matrouh governorate .",0,"crowd size=no report",1618511504,25354
EGY10701,2020-02-02,2020,1,Demonstrations,Protests,"Peaceful protest","Protesters (Egypt)",,Protesters,,,,"Protesters only",,818,"Northern Africa",Egypt,Beheira,"Damanhour City",,Damanhur,31.0392,30.4691,1,"FJ Portal",National,"On 2 February 2020, protesters gathered in Damanhur (Damanhur, Behera) to protest against President Trump's Israel-Palestine peace deal, as well as President Sisi and the current government. They raised Palestinian flags alongside Egyptian flags and chanted slogans denouncing the deal and the Egyptian government.",0,"crowd size=no report",1618511465,124240
EGY10734,2020-02-16,2020,1,Demonstrations,Protests,"Peaceful protest","Protesters (Egypt)","Labor Group (Egypt)",Protesters,,,,"Protesters only",,818,"Northern Africa",Egypt,Gharbia,"Tanta 1",,Tanta,30.7885,31.0019,1,"El Fagr News; Madamasr; New Arab",National-Regional,"On 16 February 2020, dozens of employees protested at the Tanta Linen Company in Tanta (Tanta, Gharbia), calling on the company-which had been sold to a Saudi investor in 2005-to confirm their appointments.",0,"crowd size=dozens",1764637279,107528
EGY10735,2020-02-17,2020,1,Demonstrations,Protests,"Peaceful protest","Protesters (Egypt)","Labor Group (Egypt)",Protesters,,,,"Protesters only",,818,"Northern Africa",Egypt,Gharbia,"Tanta 1",,Tanta,30.7885,31.0019,1,"El Fagr News; Madamasr; New Arab",National-Regional,"On 17 February 2020, dozens of employees staged a second day of protest at the Tanta Linen Company in Tanta (Tanta, Gharbia), calling on the company-which had been sold to a Saudi investor in 2005-to confirm their appointments .",0,"crowd size=dozens",1764637279,107528
EGY10736,2020-02-18,2020,1,Demonstrations,Protests,"Peaceful protest","Protesters (Egypt)","Labor Group (Egypt)",Protesters,,,,"Protesters only",,818,"Northern Africa",Egypt,Gharbia,"Tanta 1",,Tanta,30.7885,31.0019,1,"El Fagr News; Madamasr; New Arab",National-Regional,"On 18 February 2020, dozens of employees staged a third day of protest at the Tanta Linen Company in Tanta (Tanta, Gharbia), calling on the company-which had been sold to a Saudi investor in 2005-to confirm their appointments .",0,"crowd size=dozens",1764637279,107528
EGY10758,2020-02-27,2020,1,Demonstrations,Protests,"Peaceful protest","Protesters (Egypt)","Fishers (Egypt)",Protesters,,,,"Protesters only",,818,"Northern Africa",Egypt,"Kafr el-Sheikh","Al Boroloos",,"Al Burullus",31.5833,31.0833,1,"FJ Portal",National,"From 24 February to 27 February 2020, fishers protested in Al Burullus (Burullus, Kafr El-Shikh) against a new insurance law that would require them to pay increased prices to insure workers on their boats.",0,"crowd size=no report",1618504016,10170
EGY10813,2020-03-25,2020,2,Demonstrations,Protests,"Peaceful protest","Protesters (Egypt)",,Protesters,,,,"Protesters only",,818,"Northern Africa",Egypt,Giza,"Bolak Al Dakrour",,Faysal,30.0173,31.2040,1,"FJ Portal",National,"On or before 25 March 2020, protesters gathered on the street and participated from their roofs and balconies in Faysal (Bulaq Al-DakrUr, Giza) to call on God to rid Egypt of coronavirus .",0,"crowd size=no report",1764045636,70302
EGY10838,2020-04-07,2020,1,Demonstrations,Protests,"Peaceful protest","Protesters (Egypt)","Labor Group (Egypt)",Protesters,,,,"Protesters only",,818,"Northern Africa",Egypt,Alexandria,"Al Montaza",,"Ar Raml",31.2485,29.9823,1,"FJ Portal",National,"On 7 April 2020, employees of the Stia Company for textiles staged a sit-in protesting the non-payment of salaries in Ar Ramel (Kesm than Al Raml, Alexandria) after the company had to close for a period of 14 days after 3 people became infected with coronavirus.",0,"crowd size=no report",1618502978,198221
EGY10839,2020-04-08,2020,1,Demonstrations,Protests,"Peaceful protest","Protesters (Egypt)","Health Workers (Egypt)",Protesters,,,,"Protesters only",,818,"Northern Africa",Egypt,Beheira,"Kafr Al Dawar City",,"Kafr ad Dawwar",31.1340,30.1280,1,"FJ Portal",National,"On 8 April 2020, employees at the Al Shamlah Hospital protested in front of the hospital in Kafr ad Dawwar (Kafr ad Dawwar, Behera) due to lack of clarity on their jobs after the hospital was transformed into a center for coronavirus quarantine.",0,"crowd size=no report",1618502958,83644
EGY10885,2020-05-11,2020,2,Demonstrations,Protests,"Peaceful protest","Protesters (Sudan)",,Protesters,,,,"Protesters only",,818,"Northern Africa",Egypt,Giza,"Al Doki",,Dokki,30.0351,31.2140,1,"New Arab",Regional,"Around 11 May 2020, Sudanese citizens protested outside the Sudanese Embassy in Dokki (Dokki, Giza), calling on their government to allow them to return to Sudan after over a month of being unable to return to Sudan due to coronavirus.",0,"crowd size=no report",1764637279,25670
EGY10884,2020-05-11,2020,2,Demonstrations,Protests,"Peaceful protest","Protesters (Sudan)",,Protesters,,,,"Protesters only",,818,"Northern Africa",Egypt,Aswan,"Aswan City",,Aswan,24.0911,32.8973,1,"New Arab",Regional,"Around 11 May 2020, Sudanese citizens protested outside the Sudanese Consulate in Aswan (Aswan, Aswan), calling on their government to allow them to return to Sudan after over a month of being unable to return to Sudan due to coronavirus.",0,"crowd size=no report",1764637279,60421
EGY10894,2020-05-01,2020,1,Demonstrations,Protests,"Peaceful protest","Protesters (Egypt)","Labor Group (Egypt)",Protesters,,,,"Protesters only",,818,"Northern Africa",Egypt,Qalyubia,"Al Obor",,"El Obour City",30.2314,31.4764,1,"FJ Portal",National,"On 1 May 2020, approximately 800 employees at the Merala Textile Factory staged a protest at the factory headquarters in El Obour City (Abour, Kalyoubia) against the factory's failure to pay wages during the month of April.",0,"crowd size=around 800",1618502429,9185
EGY10908,2020-05-20,2020,1,Demonstrations,Protests,"Protest with intervention","Protesters (Egypt)","Christian Group (Egypt)",Protesters,"Police Forces of Egypt (2014-)",,"State forces","State forces-Protesters",,818,"Northern Africa",Egypt,Beheira,"Kafr Al Dawar City",,"Kafr ad Dawwar",31.1340,30.1280,1,"International Christian Concern",International,"On 20 May 2020, Egyptian police forces intervened after Christians protested against the demolition of a church in their neighborhood in Kafr ad Dawwar (Kafr ad Dawwar, Behera). The police forces arrested 14 protesters, including 4 women, and fired tear gas into the crowd. Some sources allege that a priest was injured after being assaulted by police forces, while others say he fainted at the scene.",0,"crowd size=at least 14",1753970510,83644
EGY10955,2020-06-14,2020,1,Demonstrations,Protests,"Peaceful protest","Protesters (Egypt)","Labor Group (Egypt)",Protesters,,,,"Protesters only",,818,"Northern Africa",Egypt,Alexandria,"Borg Al Arab",,"Burj al-Arab",30.9035,29.5536,1,"ATUC; New Arab",Other-Regional,"On 14 June 2020, approximately 300 employees of the Sitcor Spinning Company started a sit-in at headquarters in Burj al-Arab (Burj al-Arab, Alexandria), protesting against the company's failure to pay the difference in wages since October, when employees started to receive only 50% of their wages.",0,"crowd size=approximately 300",1764637279,12839
EGY10984,2020-07-08,2020,1,Demonstrations,Protests,"Peaceful protest","Protesters (Egypt)","Labor Group (Egypt)",Protesters,,,,"Protesters only",,818,"Northern Africa",Egypt,Sharqia,"10th of Ramadan 1",,"10th of Ramadan City",30.2964,31.7463,1,"FJ Portal",National,"On 8 July 2020, employees of the Sasco stationary factory entered an open sit-in in 10th of Ramadan City (10 Ramadan, Sharkia), protesting against the closure of the factory and nonpayment of wages.",0,"crowd size=no report",1618500294,16904
EGY11100,2020-09-20,2020,1,Demonstrations,Protests,"Protest with intervention","Protesters (Egypt)",,Protesters,"Police Forces of Egypt (2014-)",,"State forces","State forces-Protesters",,818,"Northern Africa",Egypt,Giza,"Al Aiad",,"Al Ayyat",29.6197,31.2575,1,"New Arab; Rassd",National-Regional,"On 20 September 2020, an unknown number of protesters gathered in Al Ayyat (Ayat, Giza) to protest against the demolition of homes and buildings for construction projects and to call for the removal of President Sisi from office. Details of the police intervention were not reported except that it occurred.",0,"crowd size=no report",1764637279,45757
EGY11102,2020-09-20,2020,1,Demonstrations,Protests,"Protest with intervention","Protesters (Egypt)",,Protesters,"Police Forces of Egypt (2014-)",,"State forces","State forces-Protesters",,818,"Northern Africa",Egypt,Qalyubia,"Al Qanater Al Khayreya",,"Al Qanatir al Khayriyah",30.1933,31.1370,1,"New Arab; Rassd",National-Regional,"On 20 September 2020, an unknown number of protesters gathered in Al Qanatir al Khayriyah (Qalyub, Kalyoubia) to protest against the demolition of homes and buildings for construction projects and to call for the removal of President Sisi from office. Details of the police intervention were not reported except that it occurred.",0,"crowd size=no report",1764637279,40296
EGY11104,2020-09-20,2020,1,Demonstrations,Protests,"Protest with intervention","Protesters (Egypt)",,Protesters,"Police Forces of Egypt (2014-)",,"State forces","State forces-Protesters",,818,"Northern Africa",Egypt,Aswan,"Aswan City",,Aswan,24.0911,32.8973,2,"FJ Portal; Madamasr; New Arab; Rassd",National-Regional,"On 20 September 2020, police intervened in protests in the Nubian villages in Aswan (Aswan, Aswan), where protesters gathered to denounce the government decision to build a bridge without compensating the residents who currently live on that land. Four people were arrested, including two children.",0,"crowd size=at least 4",1764637279,60421
EGY11105,2020-09-20,2020,1,Demonstrations,Riots,"Violent demonstration","Rioters (Egypt)",,Rioters,"Police Forces of Egypt (2014-)",,"State forces","State forces-Rioters",,818,"Northern Africa",Egypt,Giza,Atfeeh,,Atfih,29.4075,31.2525,2,"Madamasr; New Arab; Rassd",National-Regional,"On 20 September 2020, Egyptian police forces fired rubber bullets and tear gas canisters at demonstrators who had gathered around Atfih (Atfeh, Giza) to demonstrate against the demolition of buildings and homes in the area for eminent domain construction projects and to call for an end to President Sisi's time in office. Some demonstrators destroyed a police car.",0,"crowd size=no report",1764637279,51317
EGY11107,2020-09-20,2020,1,Demonstrations,Protests,"Protest with intervention","Protesters (Egypt)",,Protesters,"Police Forces of Egypt (2014-)",,"State forces","State forces-Protesters",,818,"Northern Africa",Egypt,Giza,"As Saf",,El-Saff,29.5647,31.2811,1,"New Arab; Rassd",National-Regional,"On 20 September 2020, an unknown number of protesters gathered in El-Saff (Saf, Giza) to protest against the demolition of homes and buildings for construction projects and to call for the removal of President Sisi from office. Details of the police intervention were not reported except that it occurred.",0,"crowd size=no report",1764637279,9408
EGY11108,2020-09-20,2020,1,Demonstrations,Protests,"Protest with intervention","Protesters (Egypt)",,Protesters,"Police Forces of Egypt (2014-)",,"State forces","State forces-Protesters",,818,"Northern Africa",Egypt,Beheira,"Kafr Al Dawar City",,"Kafr ad Dawwar",31.1340,30.1280,1,"New Arab; Rassd",National-Regional,"On 20 September 2020, an unknown number of protesters gathered in Kafr ad Dawwar (Kafr ad Dawwar, Behera) to protest against the demolition of homes and buildings for construction projects and to call for the removal of President Sisi from office. Details of the police intervention were not reported except that it occurred.",0,"crowd size=no report",1764637279,83644
EGY11117,2020-09-21,2020,1,Demonstrations,Protests,"Protest with intervention","Protesters (Egypt)",,Protesters,"Police Forces of Egypt (2014-)",,"State forces","State forces-Protesters",,818,"Northern Africa",Egypt,Menia,"Menia City",,Minya,28.1099,30.7503,2,"Madamasr; New Arab",National-Regional,"On 21 September 2020, police fired tear gas and birdshot at protesters in the village of Al Hawarta in Minya (New Minya, Menia), where protesters called for the end of President Sisi's time in office during the week of the anniversary of widespread protests a year prior.",0,"crowd size=no report",1764637279,24137
EGY11123,2020-09-22,2020,1,Demonstrations,Protests,"Protest with intervention","Protesters (Egypt)",,Protesters,"Police Forces of Egypt (2014-)",,"State forces","State forces-Protesters",,818,"Northern Africa",Egypt,Giza,"Al Aiad",,"Al Ayyat",29.6197,31.2575,1,"Madamasr; New Arab",National-Regional,"On 22 September 2020, police intervened in protests in Al Ayyat (Ayat, Giza), where protesters called for the end of President Sisi's time in office during the week of the anniversary of widespread protests a year prior.",0,"crowd size=no report",1764637279,45757
EGY11129,2020-09-22,2020,1,Demonstrations,Protests,"Protest with intervention","Protesters (Egypt)",,Protesters,"Police Forces of Egypt (2014-)",,"State forces","State forces-Protesters",,818,"Northern Africa",Egypt,Luxor,"Luxor City",,Luxor,25.6965,32.6459,1,"Madamasr; New Arab",National-Regional,"On 22 September 2020, police intervened in protests in Luxor (Luxor, Luxor), where protesters called for the end of President Sisi's time in office during the week of the anniversary of widespread protests a year prior.",0,"crowd size=no report",1764637279,71729
EGY11133,2020-09-23,2020,1,Demonstrations,Protests,"Peaceful protest","Protesters (Egypt)",,Protesters,,,,"Protesters only",,818,"Northern Africa",Egypt,Aswan,"Aswan City",,Aswan,24.0911,32.8973,2,"Madamasr; New Arab",National-Regional,"On 23 September 2020, dozens of protesters gathered in the Nubian villages in Aswan (Aswan, Aswan) to protest against the arrest of 2 children that took place during protests on 20 September 2020. Whether or not the Egyptian police forces intervened is unknown.",0,"crowd size=dozens",1764637279,60421
EGY11149,2020-09-25,2020,1,"Political violence; Demonstrations",Protests,"Excessive force against protesters","Protesters (Egypt)",,Protesters,"Police Forces of Egypt (2014-)",,"State forces","State forces-Protesters","Civilian targeting",818,"Northern Africa",Egypt,Giza,Atfeeh,,Atfih,29.4075,31.2525,2,"New Arab; Rassd",National-Regional,"On 25 September 2020, Egyptian police forces fired live bullets at protesters from 4 villages around Atfih (Atfeh, Giza). The protesters were calling for the downfall of the current government in a broader context of protests around the country. Over 170 protesters were arrested. Resulting fatalities or injuries were not reported.",0,"crowd size=over 170",1764637279,44744
EGY11130,2020-09-22,2020,1,Demonstrations,Protests,"Protest with intervention","Protesters (Egypt)",,Protesters,"Police Forces of Egypt (2014-)",,"State forces","State forces-Protesters",,818,"Northern Africa",Egypt,Menia,"Menia City",,Minya,28.1099,30.7503,1,"New Arab",Regional,"On 22 September 2020, police intervened in protests in Minya (New Minya, Menia), where protesters called for the end of President Sisi's time in office during the week of the anniversary of widespread protests a year prior.",0,"crowd size=no report",1764637279,24137
EGY11142,2020-09-24,2020,1,Demonstrations,Protests,"Protest with intervention","Protesters (Egypt)",,Protesters,"Police Forces of Egypt (2014-)",,"State forces","State forces-Protesters",,818,"Northern Africa",Egypt,Luxor,"Luxor City",,Luxor,25.6965,32.6459,2,"New Arab",Regional,"On 24 September 2020, Egyptian police forces intervened as protesters gathered to call for the end of President Sisi's time in office in Al Awamiya area of Luxor (Luxor). The nature of the intervention was not reported.",0,"crowd size=no report",1764637279,71729
EGY11143,2020-09-24,2020,1,Demonstrations,Protests,"Protest with intervention","Protesters (Egypt)",,Protesters,"Police Forces of Egypt (2014-)",,"State forces","State forces-Protesters",,818,"Northern Africa",Egypt,Menia,Matay,,Matay,28.4190,30.7792,1,"New Arab",Regional,"On 24 September 2020, Egyptian police forces intervened as protesters gathered to call for the end of President Sisi's time in office in Matay (Markz Matay, Menia). The nature of the intervention was not reported.",0,"crowd size=no report",1764637279,81152
EGY11147,2020-09-25,2020,1,Demonstrations,Protests,"Protest with intervention","Protesters (Egypt)",,Protesters,"Police Forces of Egypt (2014-)",,"State forces","State forces-Protesters",,818,"Northern Africa",Egypt,Giza,Atfeeh,,"Al Kedaya",29.4504,31.2380,1,"New Arab",Regional,"On 25 September 2020, Egyptian police forces intervened as protesters gathered to call for the end of President Sisi's time in office in Al-Kedaya (Atfeh, Giza). Over the course of the week dozens of youth were among the arrested protests from Al Kuddaya.",0,"crowd size=no report",1764637279,33485
EGY11113,2020-09-21,2020,1,Demonstrations,Protests,"Protest with intervention","Protesters (Egypt)",,Protesters,"Police Forces of Egypt (2014-)",,"State forces","State forces-Protesters",,818,"Northern Africa",Egypt,Giza,Atfeeh,,Atfih,29.4075,31.2525,1,"New Arab",Regional,"On 21 September 2020, police intervened in protests in Atfih (Atfeh, Giza), where protesters called for the end of President Sisi's time in office during the week of the anniversary of widespread protests a year prior.",0,"crowd size=no report",1764637279,44744
EGY11145,2020-09-25,2020,1,Demonstrations,Protests,"Protest with intervention","Protesters (Egypt)",,Protesters,"Police Forces of Egypt (2014-)",,"State forces","State forces-Protesters",,818,"Northern Africa",Egypt,Giza,"Al Aiad",,"Al Ayyat",29.6197,31.2575,1,"New Arab",Regional,"On 25 September 2020, Egyptian police forces intervened as protesters gathered to call for the end of President Sisi's time in office in Al Ayyat (Ayat, Giza). The nature of the intervention was not reported.",0,"crowd size=no report",1764637279,45757
EGY11116,2020-09-21,2020,1,Demonstrations,Protests,"Protest with intervention","Protesters (Egypt)",,Protesters,"Police Forces of Egypt (2014-)",,"State forces","State forces-Protesters",,818,"Northern Africa",Egypt,Giza,"As Saf",,El-Saff,29.5647,31.2811,1,"New Arab",Regional,"On 21 September 2020, police intervened in protests in El-Saff (Saf, Giza), where protesters called for the end of President Sisi's time in office during the week of the anniversary of widespread protests a year prior.",0,"crowd size=no report",1764637279,9408
EGY11153,2020-09-25,2020,1,Demonstrations,Protests,"Protest with intervention","Protesters (Egypt)",,Protesters,"Police Forces of Egypt (2014-)",,"State forces","State forces-Protesters",,818,"Northern Africa",Egypt,Giza,"As Saf",,El-Saff,29.5647,31.2811,1,"New Arab",Regional,"On 25 September 2020, Egyptian police forces intervened as protesters gathered to call for the end of President Sisi's time in office in El-Saff (Saf, Giza). The nature of the intervention was not reported.",0,"crowd size=no report",1764637279,9408
EGY11138,2020-09-23,2020,1,Demonstrations,Protests,"Peaceful protest","Protesters (Egypt)",,Protesters,,,,"Protesters only",,818,"Northern Africa",Egypt,Fayoum,Itsa,,"Minyat al Hayt",29.2231,30.7448,1,"New Arab",Regional,"On 23 September 2020, protesters gathered to call for the end of President Sisi's time in office in Minyat al Hayt (Atsa, Fayoum). Whether or not the Egyptian police forces intervened is unknown.",0,"crowd size=no report",1764637279,46289
EGY11110,2020-09-21,2020,1,Demonstrations,Protests,"Protest with intervention","Protesters (Egypt)",,Protesters,"Police Forces of Egypt (2014-)",,"State forces","State forces-Protesters",,818,"Northern Africa",Egypt,Giza,"Al Aiad",,"Al Ayyat",29.6197,31.2575,1,"New Arab",Regional,"On 21 September 2020, police intervened in protests in Al Ayyat (Ayat, Giza), where protesters called for the end of President Sisi's time in office during the week of the anniversary of widespread protests a year prior.",0,"crowd size=no report",1764637279,45757
EGY11118,2020-09-21,2020,1,Demonstrations,Protests,"Protest with intervention","Protesters (Egypt)",,Protesters,"Police Forces of Egypt (2014-)",,"State forces","State forces-Protesters",,818,"Northern Africa",Egypt,Qena,"Qena City",,Qina,26.1642,32.7267,1,"New Arab",Regional,"On 21 September 2020, police intervened in protests in Qina (Qina, Qena), where protesters called for the end of President Sisi's time in office during the week of the anniversary of widespread protests a year prior.",0,"crowd size=no report",1764637279,59638
EGY11124,2020-09-22,2020,1,Demonstrations,Protests,"Protest with intervention","Protesters (Egypt)",,Protesters,"Police Forces of Egypt (2014-)",,"State forces","State forces-Protesters",,818,"Northern Africa",Egypt,Giza,"Al Ahram",,"Al Haram",29.9931,31.1309,1,"New Arab",Regional,"On 22 September 2020, police intervened in protests in Al Haram (Al-Ahram, Giza), where protesters called for the end of President Sisi's time in office on the week of the anniversary of widespread protests a year prior.",0,"crowd size=no report",1764637279,83167
EGY11132,2020-09-23,2020,1,Demonstrations,Protests,"Peaceful protest","Protesters (Egypt)",,Protesters,,,,"Protesters only",,818,"Northern Africa",Egypt,Assiut,"Al Kossia",,"Al Qusiyah",27.4402,30.8184,1,"New Arab",Regional,"On 23 September 2020, protesters gathered to call for the end of President Sisi's time in office in Al Qusiyah (Al-Qusia, Assiut). Whether or not the Egyptian police forces intervened is unknown.",0,"crowd size=no report",1764637279,95571
EGY11141,2020-09-24,2020,1,Demonstrations,Protests,"Peaceful protest","Protesters (Egypt)",,Protesters,,,,"Protesters only",,818,"Northern Africa",Egypt,Giza,Kerdasa,,Kirdasah,30.0310,31.1111,1,"New Arab",Regional,"On 24 September 2020, protesters gathered to call for the end of President Sisi's time in office in Kirdasah (Kardasa, Giza). Whether or not the Egyptian police forces intervened is unknown.",0,"crowd size=no report",1764637279,68274
EGY11134,2020-09-23,2020,1,Demonstrations,Riots,"Violent demonstration","Rioters (Egypt)",,Rioters,"Police Forces of Egypt (2014-)",,"State forces","State forces-Rioters",,818,"Northern Africa",Egypt,Giza,Atfeeh,,Atfih,29.4075,31.2525,1,"New Arab",Regional,"On 23 September 2020, demonstrators and Egyptian police forces clashed during demonstrations with police using bullets, tear gas, and birdshot to disperse demonstrators in Atfih (Atfeh, Giza). Some demonstrators also burned an armored vehicle belonging to Egyptian security forces.",0,"crowd size=no report",1764637279,51317
EGY11139,2020-09-24,2020,1,Demonstrations,Protests,"Protest with intervention","Protesters (Egypt)",,Protesters,"Police Forces of Egypt (2014-)",,"State forces","State forces-Protesters",,818,"Northern Africa",Egypt,Giza,Imbabah,,Al-Mansuriyah,30.1363,31.0750,1,"New Arab",Regional,"On 24 September 2020, Egyptian police forces intervened as protesters gathered to call for the end of President Sisi's time in office in Al-Mansuriyah (Imbaba, Giza). The nature of the intervention was not reported.",0,"crowd size=no report",1764637279,53685
EGY11140,2020-09-24,2020,1,"Political violence; Demonstrations",Protests,"Excessive force against protesters","Protesters (Egypt)",,Protesters,"Police Forces of Egypt (2014-)",,"State forces","State forces-Protesters","Civilian targeting",818,"Northern Africa",Egypt,Giza,Atfeeh,,Atfih,29.4075,31.2525,1,"New Arab",Regional,"On 24 September 2020, police fired live bullets from automatic weapons at protesters calling for the end of President Sisi's time in office in Atfih (Atfeh, Giza), with no reports on resulting fatalities or injuries.",0,"crowd size=no report",1764637279,44744
EGY11127,2020-09-22,2020,1,Demonstrations,Protests,"Protest with intervention","Protesters (Egypt)",,Protesters,"Police Forces of Egypt (2014-)",,"State forces","State forces-Protesters",,818,"Northern Africa",Egypt,Giza,Atfeeh,,Atfih,29.4075,31.2525,1,"New Arab",Regional,"On 22 September 2020, police intervened in protests in Atfih (Atfeh, Giza), where protesters called for the end of President Sisi's time in office during the week of the anniversary of widespread protests a year prior.",0,"crowd size=no report",1764637279,44744
EGY11126,2020-09-22,2020,1,Demonstrations,Protests,"Protest with intervention","Protesters (Egypt)",,Protesters,"Police Forces of Egypt (2014-)",,"State forces","State forces-Protesters",,818,"Northern Africa",Egypt,Aswan,"Aswan City",,Aswan,24.0911,32.8973,1,"New Arab",Regional,"On 22 September 2020, police intervened in protests in Aswan (Aswan, Aswan), where protesters called for the end of President Sisi's time in office during the week of the anniversary of widespread protests a year prior.",0,"crowd size=no report",1764637279,60421
EGY11154,2020-09-25,2020,1,Demonstrations,Protests,"Protest with intervention","Protesters (Egypt)",,Protesters,"Police Forces of Egypt (2014-)",,"State forces","State forces-Protesters",,818,"Northern Africa",Egypt,Luxor,"Luxor City",,Luxor,25.6965,32.6459,1,Rassd,National,"On 25 September 2020, Egyptian police forces intervened and arrested 5 protesters when protesters gathered to call for the end of President Sisi's time in office in Luxor (Luxor, Luxor).",0,"crowd size=at least 5",1753970510,71729
EGY11148,2020-09-25,2020,1,Demonstrations,Protests,"Protest with intervention","Protesters (Egypt)",,Protesters,"Police Forces of Egypt (2014-)",,"State forces","State forces-Protesters",,818,"Northern Africa",Egypt,Giza,Atfeeh,,Atfih,29.4075,31.2525,1,Rassd,National,"On 25 September 2020, Egyptian police forces carried out arrests and other measures to disperse protesters gathered to call for the end of President Sisi's time in office in Atfih (Atfeh, Giza).",0,"crowd size=no report",1753970510,44744
EGY11155,2020-09-25,2020,1,Demonstrations,Protests,"Protest with intervention","Protesters (Egypt)",,Protesters,"Police Forces of Egypt (2014-)",,"State forces","State forces-Protesters",,818,"Northern Africa",Egypt,Menia,"Menia City",,Minya,28.1099,30.7503,1,Rassd,National,"On 25 September 2020, Egyptian police forces intervened as protesters gathered to call for the end of President Sisi's time in office in Minya (New Minya, Menia). The nature of the intervention was not reported.",0,"crowd size=no report",1753970510,24137
EGY11152,2020-09-25,2020,1,Demonstrations,Protests,"Protest with intervention","Protesters (Egypt)",,Protesters,"Police Forces of Egypt (2014-)",,"State forces","State forces-Protesters",,818,"Northern Africa",Egypt,Damietta,"Damietta 1",,Damietta,31.4165,31.8133,1,Rassd,National,"On 25 September 2020, Egyptian police forces intervened and arrested 10 protesters when protesters gathered to call for the end of President Sisi's time in office in Damietta (Dumyat, Damietta).",0,"crowd size=at least 10",1753970510,184610
EGY11158,2020-09-25,2020,1,Demonstrations,Protests,"Protest with intervention","Protesters (Egypt)",,Protesters,"Police Forces of Egypt (2014-)",,"State forces","State forces-Protesters",,818,"Northern Africa",Egypt,Giza,Imbabah,,"Umm Dinar",30.1994,31.0710,1,Rassd,National,"On 25 September 2020, Egyptian police forces intervened as protesters gathered to call for the end of President Sisi's time in office in Umm Dinar (Imbaba, Giza). The nature of the intervention was not reported.",0,"crowd size=no report",1753970510,20221
EGY11101,2020-09-20,2020,1,"Political violence; Demonstrations",Protests,"Excessive force against protesters","Protesters (Egypt)",,Protesters,"Police Forces of Egypt (2014-)",,"State forces","State forces-Protesters","Civilian targeting",818,"Northern Africa",Egypt,Alexandria,"Al Montaza",,"Al Mamurah",31.2883,30.0307,1,"New Arab; Rassd",National-Regional,"On 20 September 2020, police fired tear gas and birdshot at protesters gathered in Al Muamirah (Muntazah, Alexandria) to protest against the demolition of homes and buildings for construction projects and to call for the removal of President Sisi from office.",0,"crowd size=no report",1764637279,31078
EGY11022,2020-08-06,2020,1,Demonstrations,Protests,"Peaceful protest","Protesters (Egypt)","Labor Group (Egypt)",Protesters,,,,"Protesters only",,818,"Northern Africa",Egypt,Menoufia,"Al Sadat City",,"Sadat City",30.3960,30.5499,1,"ATUC; FJ Portal",Other-National,"On 6 August 2020, 1300 workers from the Ofuq Company for Investment and Industrial Development 'Ceramica Granito' entered a sit-in at the company's headquarters in Sadat City (Sadat City, Menoufia), protesting against the company for not increasing their wages in proportion to increases in the cost of living.",0,"crowd size=1300",1618499471,488
EGY10711,2020-02-09,2020,2,Demonstrations,Protests,"Peaceful protest","Protesters (Egypt)",,Protesters,,,,"Protesters only",,818,"Northern Africa",Egypt,Beheira,"Damanhour City",,Damanhur,31.0392,30.4691,1,"FJ Portal",National,"On or before 9 February 2020, protesters gathered in Damanhur (Damanhur, Behera) to protest against President Trump's 'Deal of the Century' Israel-Palestine peace plan and against the Egyptian government and its practices against Egyptian detainees.",0,"crowd size=no report",1618511241,124240
EGY10779,2020-03-10,2020,1,Demonstrations,Protests,"Protest with intervention","Protesters (Egypt)","Labor Group (Egypt)",Protesters,"Police Forces of Egypt (2014-)",,"State forces","State forces-Protesters",,818,"Northern Africa",Egypt,Cairo,"Nasr City 1",,"Cairo - Nasr City 1",30.0619,31.3339,1,ATUC,Other,"On 10 March 2020, Egyptian Police Forces arrested 70 neighborhood cleaners for Nasr City's Sixth District in Nasr City (Nasr City, Cairo). The cleaners were going to the president of the Sixth Districts to follow up on a petition complaining that the neighborhood's contractor failed to pay their wages for 3 months, but were intercepted and arrested by police.",0,"crowd size=at least 70",1753970510,31906
EGY10778,2020-03-08,2020,1,Demonstrations,Protests,"Peaceful protest","Protesters (Egypt)","Labor Group (Egypt)",Protesters,,,,"Protesters only",,818,"Northern Africa",Egypt,Cairo,"Nasr City 1",,"Cairo - Nasr City 1",30.0619,31.3339,1,ATUC,Other,"On 8 March 2020, cleaners for Nasr City's Sixth District protested in Nasr City (Nasr City, Cairo), because their contractor has not paid their wages in 3 months.",0,"crowd size=no report",1620775292,31906
EGY10836,2020-04-04,2020,1,Demonstrations,Protests,"Peaceful protest","Protesters (Egypt)","Health Workers (Egypt)",Protesters,,,,"Protesters only",,818,"Northern Africa",Egypt,Cairo,"Misr El Kadima",,"Cairo - Old Cairo",30.0081,31.2334,1,"FJ Portal",National,"On 4 April 2020, doctors and nurses staged a protest demanding coronavirus tests after 17 cases were confirmed at the Dar Al Salam Oncology Center in Old Cairo (Old Cairo, Cairo).",0,"crowd size=no report",1764045636,88626
EGY10726,2020-02-15,2020,2,Demonstrations,Protests,"Peaceful protest","Protesters (Egypt)","Labor Group (Egypt)",Protesters,,,,"Protesters only",,818,"Northern Africa",Egypt,Cairo,"Nasr City 1",,"Cairo - Nasr City 1",30.0619,31.3339,1,"FJ Portal",National,"On or before 15 February 2020, hundreds of graduates from the class of 2018 College of Pharmacy protested in Nasr City (Nasr City, Cairo), calling on the Ministry of Health to provide them with their job assignments after approximately a year and a half has elapsed since they graduated. In a petition, they cited that more than 12,000 pharmacists had not received their assignments at this point.",0,"crowd size=hundreds",1620775295,31906
EGY10985,2020-07-09,2020,1,Demonstrations,Protests,"Peaceful protest","Protesters (Egypt)","Labor Group (Egypt)",Protesters,,,,"Protesters only",,818,"Northern Africa",Egypt,Cairo,"Nasr City 1",,"Cairo - Nasr City 1",30.0619,31.3339,1,"FJ Portal",National,"On 9 July 2020, organizers from the October 6 Association of Al Ajmi in Alexandria staged a protest in Nasr City (Nasr City, Cairo), demanding that the Minister of Housing pay their salaries.",0,"crowd size=unknown",1620775295,31906
EGY11115,2020-09-21,2020,1,Demonstrations,Protests,"Protest with intervention","Protesters (Egypt)",,Protesters,"Police Forces of Egypt (2014-)",,"State forces","State forces-Protesters",,818,"Northern Africa",Egypt,Cairo,Helwan,,"Cairo - Helwan",29.8414,31.3008,1,"New Arab",Regional,"On 21 September 2020, police intervened in protests in Helwan (Helwan, Cairo), where protesters called for the end of President Sisi's time in office during the week of the anniversary of widespread protests a year prior.",0,"crowd size=no report",1764637279,61523
EGY11114,2020-09-21,2020,1,Demonstrations,Protests,"Protest with intervention","Protesters (Egypt)",,Protesters,"Police Forces of Egypt (2014-)",,"State forces","State forces-Protesters",,818,"Northern Africa",Egypt,Cairo,Maadi,,"Cairo - Al Maadi",29.9667,31.2500,1,"New Arab",Regional,"On 21 September 2020, police intervened in protests in Al Maadi (Al Maadi, Cairo), where protesters called for the end of President Sisi's time in office on the week of the anniversary of widespread protests a year prior.",0,"crowd size=no report",1764637279,126598
EGY11106,2020-09-20,2020,1,Demonstrations,Protests,"Protest with intervention","Protesters (Egypt)",,Protesters,"Police Forces of Egypt (2014-)",,"State forces","State forces-Protesters",,818,"Northern Africa",Egypt,Cairo,"Al Bassatin",,"Cairo - Al Basatin",29.9829,31.2826,1,"New Arab",Regional,"On 20 September 2020, an unknown number of protesters gathered in Al Basatin (Cairo) to protest against the demolition of homes and buildings for construction projects and to call for the removal of President Sisi from office. Details of the police intervention were not reported except that it occurred.",0,"crowd size=no report",1764637279,89293
EGY11109,2020-09-21,2020,1,Demonstrations,Protests,"Protest with intervention","Protesters (Egypt)",,Protesters,"Police Forces of Egypt (2014-)",,"State forces","State forces-Protesters",,818,"Northern Africa",Egypt,Giza,Giza,,"Abu An Numrus",29.9543,31.2209,1,"New Arab",Regional,"On 21 September 2020, police intervened in protests in Abu an Numrus (Abu an Numrus, Giza), where protesters called for the end of President Sisi's time in office during the week of the anniversary of widespread protests a year prior.",0,"crowd size=no report",1764637279,44155
EGY10840,2020-04-07,2020,3,Demonstrations,Protests,"Peaceful protest","Protesters (Egypt)",,Protesters,,,,"Protesters only",,818,"Northern Africa",Egypt,Dakahlia,Aga,,Aga,30.9416,31.2904,1,"FJ Portal",National,"Around 7 April 2020 (between 1 April - 15 April), dozens of civilians gathered to protest in Aga (Aga, Dakahlia) against the burial of people who died of coronavirus.",0,"crowd size=dozens",1635167923,50180
EGY10841,2020-04-07,2020,3,Demonstrations,Protests,"Peaceful protest","Protesters (Egypt)",,Protesters,,,,"Protesters only",,818,"Northern Africa",Egypt,Gharbia,"Greater Mahala",,"Al Hayatim",30.9128,31.0992,1,"FJ Portal",National,"Around 7 April 2020 (between 1 April - 15 April), villagers protested in Al Hayatim (El Mahalla El Kobra, Gharbia) against their village being placed under coronavirus quarantine.",0,"crowd size=no report",1635167923,22384
EGY10842,2020-04-07,2020,3,Demonstrations,Protests,"Peaceful protest","Protesters (Egypt)",,Protesters,,,,"Protesters only",,818,"Northern Africa",Egypt,Beheira,"Kafr Al Dawar City",,"Kafr ad Dawwar",31.1340,30.1280,1,"FJ Portal",National,"Around 7 April 2020 (between 1 April - 15 April), dozens of civilians gathered to protest in Kafr ad Dawwar (Kafr ad Dawwar, Behera) against the burial of people who died of coronavirus.",0,"crowd size=dozens",1635167923,83644
EGY10754,2020-02-26,2020,1,Demonstrations,Protests,"Peaceful protest","Protesters (Egypt)","Fishers (Egypt)",Protesters,,,,"Protesters only",,818,"Northern Africa",Egypt,"Kafr el-Sheikh","Al Boroloos",,"Al Burullus",31.5833,31.0833,1,"FJ Portal",National,"On 26 February 2020, fishers protested in Al Burullus (Burullus, Kafr El-Shikh) against a new insurance law that would require them to pay increased prices to insure workers on their boats.",0,"crowd size=no report",1635167924,10170
EGY10752,2020-02-25,2020,1,Demonstrations,Protests,"Peaceful protest","Protesters (Egypt)","Fishers (Egypt)",Protesters,,,,"Protesters only",,818,"Northern Africa",Egypt,"Kafr el-Sheikh","Al Boroloos",,"Al Burullus",31.5833,31.0833,1,"FJ Portal",National,"On 25 February 2020, fishers protested in Al Burullus (Burullus, Kafr El-Shikh) against a new insurance law that would require them to pay increased prices to insure workers on their boats.",0,"crowd size=no report",1635167924,10170
EGY10751,2020-02-24,2020,1,Demonstrations,Protests,"Peaceful protest","Protesters (Egypt)","Fishers (Egypt)",Protesters,,,,"Protesters only",,818,"Northern Africa",Egypt,"Kafr el-Sheikh","Al Boroloos",,"Al Burullus",31.5833,31.0833,1,"FJ Portal",National,"On 24 February 2020, fishers protested in Al Burullus (Burullus, Kafr El-Shikh) against a new insurance law that would require them to pay increased prices to insure workers on their boats.",0,"crowd size=no report",1635167924,10170
EGY10591,2019-11-30,2019,1,Demonstrations,Protests,"Peaceful protest","Protesters (Egypt)","Labor Group (Egypt)",Protesters,,,,"Protesters only",,818,"Northern Africa",Egypt,Gharbia,Samanoud,,Samannoud,30.9613,31.2412,2,ATUC,Other,"On 30 November 2019, workers at the Samannoud Weaving and Textile Company protested at the company in Samannoud (Samannoud, Gharbia) to demand payment of the overdue bonuses since 2017 and adherence to the minimum wage requirements in Egypt, as well as a plan reduction in number of workers. The protest continued until 6 December 2019.",0,"crowd size=no report",1636381452,50118
EGY10041,2019-09-27,2019,1,Demonstrations,Protests,"Peaceful protest","Protesters (Egypt)",,Protesters,,,,"Protesters only",,818,"Northern Africa",Egypt,"North Sinai","Al Shiekh Zuwaid",,"Sheikh Zuwayid",31.2161,34.1111,1,"Al Ahram; Al Mena News",National-International,"On 27 September 2019, hundreds of protesters gathered in Sheikh Zuweiyid in support of Sisi .",0,"crowd size=hundreds",1636390476,16183
EGY10037,2019-09-27,2019,1,Demonstrations,Protests,"Peaceful protest","Protesters (Egypt)",,Protesters,,,,"Protesters only",,818,"Northern Africa",Egypt,Giza,"Giza City",,Giza,30.0146,31.2090,1,Dotmsr,National,"On 27 September 2019, protesters gathered in Giza in support of Sisi .",0,"crowd size=no report",1636390476,106846
EGY10034,2019-09-27,2019,1,Demonstrations,Protests,"Peaceful protest","Protesters (Egypt)",,Protesters,,,,"Protesters only",,818,"Northern Africa",Egypt,Gharbia,"Greater Mahala 1",,"Al Mahallah al Kubra",30.9761,31.1669,1,"Al Ahram",National,"On 27 September 2019, thousands of protesters marched through the streets of Al Mahallah to show their support for Sisi .",0,"crowd size=thousands",1636390476,147233
EGY10035,2019-09-27,2019,1,Demonstrations,Protests,"Peaceful protest","Protesters (Egypt)",,Protesters,,,,"Protesters only",,818,"Northern Africa",Egypt,Alexandria,"Bab Sharqi",,Alexandria,31.1981,29.9192,1,"Al Ahram",National,"On 27 September 2019, a large number of protesters gathered in Alexandria in support of Sisi.",0,"crowd size=a large number",1636390476,84559
EGY10038,2019-09-27,2019,1,Demonstrations,Protests,"Peaceful protest","Protesters (Egypt)",,Protesters,,,,"Protesters only",,818,"Northern Africa",Egypt,Luxor,"Luxor City",,Luxor,25.6965,32.6459,1,"Al Jazeera; Nile News TV",National-International,"On 27 September 2019, pro- and anti-Sisi protests took place in Luxor .",0,"crowd size=no report",1636390476,70678
EGY10040,2019-09-27,2019,1,Demonstrations,Protests,"Peaceful protest","Protesters (Egypt)",,Protesters,,,,"Protesters only",,818,"Northern Africa",Egypt,Qena,"Qena City",,Qina,26.1642,32.7267,1,"Al Jazeera; Nile News TV",National-International,"On 27 September 2019, pro- and anti-Sisi protests took place in Qina .",0,"crowd size=no report",1636390476,58662
EGY10039,2019-09-27,2019,1,Demonstrations,Protests,"Peaceful protest","Protesters (Egypt)",,Protesters,,,,"Protesters only",,818,"Northern Africa",Egypt,Cairo,"Nasr City 1",,"Cairo - Nasr City 1",30.0619,31.3339,1,"Al Ahram; Al Masry Al Youm (Egypt); Dotmsr; Al Akhbar (Egypt)",National,"On 27 September 2019, hundreds of protesters gathered in Martyr Hisham Square (formerly Rabea Al Adaweah Square) in Nasr City to show their support for Sisi .",0,"crowd size=hundreds",1636390476,31347
EGY10036,2019-09-27,2019,1,Demonstrations,Protests,"Peaceful protest","Protesters (Egypt)",,Protesters,,,,"Protesters only",,818,"Northern Africa",Egypt,Cairo,"Al Dahier",,"Cairo - Al Nozha",30.0680,31.2687,1,"Daily News (Egypt)",National,"On 27 September 2019, a group of protesters gathered at the Cairo International Airport to welcome Sisi from his trip to New York and to express their support for the president .",0,"crowd size=no report",1636390476,138657
EGY10033,2019-09-26,2019,1,Demonstrations,Protests,"Peaceful protest","Protesters (Egypt)","Labor Group (Egypt)",Protesters,,,,"Protesters only",,818,"Northern Africa",Egypt,"Red Sea","Ras Ghareeb",,"Ras Shuqair",28.1333,33.2666,1,"Al Akhbar (Egypt)",National,"On 27 September 2019, thousands of workers from the Suez Petroleum Company (GAPCO) gathered in Ras Shuqair to show their support for Sisi .",0,"crowd size=thousands",1636390476,384
EGY10031,2019-09-23,2019,1,Demonstrations,Protests,"Peaceful protest","Protesters (Egypt)",,Protesters,,,,"Protesters only",,818,"Northern Africa",Egypt,Suez,"Al Arbaeen",,Suez,29.9737,32.5263,1,"FJ Portal",National,"On 23 September 2019, people held a demonstration in Suez to demand Sisi's departure from power .",0,"crowd size=no report",1636390476,84556
EGY10030,2019-09-21,2019,1,Demonstrations,Protests,"Peaceful protest","Protesters (Egypt)",,Protesters,,,,"Protesters only",,818,"Northern Africa",Egypt,Matrouh,"Mersa Matrouh",,"Marsa Matruh",31.3525,27.2453,1,"FJ Portal",National,"On 21 September 2019, people held a demonstration in Masra Matruh to demand president Sisi's departure from power .",0,"crowd size=no report",1636390476,24983
EGY10807,2020-03-31,2020,1,Demonstrations,Riots,"Violent demonstration","Rioters (Sudan)",,Rioters,"Civilians (Sudan)","Government of Sudan (2019-)",Civilians,Rioters-Civilians,,818,"Northern Africa",Egypt,Giza,"Al Doki",,Dokki,30.0351,31.2140,1,"New Arab",Regional,"On 31 March 2020, approximately 90 Sudanese citizens gathered outside and stormed the Sudanese embassy in Dokki (Dokki, Giza) in response to Sudan closing its borders and leaving some citizens trapped in Egypt to prevent the spread of coronavirus. After breaking through its gates, rioters attacked employees and set fire to the embassy.",0,"crowd size=approximately 90",1764637279,92831
EGY10630,2019-12-16,2019,1,Demonstrations,Protests,"Protest with intervention","Protesters (Egypt)","Labor Group (Egypt)",Protesters,"Police Forces of Egypt (2014-)",,"State forces","State forces-Protesters",,818,"Northern Africa",Egypt,"Port Said","Al Manakh",,"Port Said",31.2565,32.2841,1,ATUC,Other,"On 16 December 2019, Egyptian Police Forces used tear gas, water cannons, and batons to break up a sit-in by 10 factory workers in Port Said (Al-Munakh, Port Said), causing an unknown number of injuries. Police arrested approximately 170 protesters. The factory workers were protesting the decision to change their entry gate, asserting that the change of entry will cause delays attending work on time .",0,"crowd size=hundreds",1649286143,80396
EGY9923,2019-09-20,2019,1,Demonstrations,Protests,"Protest with intervention","Protesters (Egypt)",,Protesters,"Police Forces of Egypt (2014-)",,"State forces","State forces-Protesters",,818,"Northern Africa",Egypt,Suez,"Al Arbaeen",,Suez,29.9737,32.5263,1,AFP,International,"On 20 September 2019, hundreds protested in the streets of Suez against the rampant corruption in Sisi's administration. Police forces responding with force, firing tear gas and arresting several protesters. .",0,"crowd size=200",1649286148,84556
EGY9917,2019-09-20,2019,1,Demonstrations,Protests,"Peaceful protest","Protesters (Egypt)",,Protesters,,,,"Protesters only",,818,"Northern Africa",Egypt,Gharbia,"Greater Mahala 1",,"Al Mahallah al Kubra",30.9761,31.1669,1,AFP,International,"On 20 September 2019, protesters gathered in Al Mahalla (Al Mahallah al Kubra) to denounce alleged corruption in the administration of president Abdel Fattah al-Sisi. .",0,"crowd size=no report",1649286148,147233
EGY9918,2019-09-20,2019,1,Demonstrations,Protests,"Peaceful protest","Protesters (Egypt)",,Protesters,,,,"Protesters only",,818,"Northern Africa",Egypt,Alexandria,"Bab Sharqi",,Alexandria,31.1981,29.9192,1,AFP,International,"On 20 September 2019, protesters gathered in the streets of Alexandria to denounce alleged corruption in the administration of president Abdel Fattah al-Sisi. .",0,"crowd size=no report",1649286148,84559
EGY9916,2019-09-20,2019,1,Demonstrations,Protests,"Peaceful protest","Protesters (Egypt)",,Protesters,,,,"Protesters only",,818,"Northern Africa",Egypt,Damietta,"Damietta 1",,Damietta,31.4165,31.8133,1,AFP,International,"On 20 September 2019, protesters gathered in Damietta to denounce alleged corruption in the administration of president Abdel Fattah al-Sisi. .",0,"crowd size=no report",1649286148,182675
EGY9924,2019-09-20,2019,1,Demonstrations,Protests,"Protest with intervention","Protesters (Egypt)",,Protesters,"Police Forces of Egypt (2014-)",,"State forces","State forces-Protesters",,818,"Northern Africa",Egypt,Cairo,"Al Waily",,Cairo,30.0771,31.2859,1,"AFP; Madamasr; Jeune Afrique; HRW",Other-National,"On 20 September 2019, hundreds protested in the streets of Cairo against the rampant corruption in Sisi's administration. Police forces responding with force, firing tear gas and arresting many protesters. Egyptian police forces arrested at least 45 individuals who took part in the anti-Sisi protest in Cairo (other sources report up to 74 arrests). .",0,"crowd size=several hundred",1649286148,77831
EGY10032,2019-09-26,2019,1,Demonstrations,Protests,"Peaceful protest","Protesters (Egypt)",,Protesters,,,,"Protesters only",,818,"Northern Africa",Egypt,Dakahlia,"Al Mansoura 2",,"Al Mansurah",31.0364,31.3807,1,"FJ Portal",National,"On 26 September 2019, hundreds of people held a demonstration in Al Mansurah to demand Sisi's departure from power .",0,"crowd size=hundreds",1651165016,100205
EGY9915,2019-09-20,2019,1,Demonstrations,Protests,"Peaceful protest","Protesters (Egypt)",,Protesters,,,,"Protesters only",,818,"Northern Africa",Egypt,Dakahlia,"Al Mansoura 2",,"Al Mansurah",31.0364,31.3807,1,AFP,International,"On 20 September 2019, protesters gathered in Al Mansurah to denounce alleged corruption in the administration of president Abdel Fattah al-Sisi. .",0,"crowd size=no report",1651165016,100205
EGY10586,2019-11-25,2019,2,Demonstrations,Protests,"Peaceful protest","Protesters (Egypt)","Labor Group (Egypt)",Protesters,,,,"Protesters only",,818,"Northern Africa",Egypt,Fayoum,"Fayoum City",,"Al Fayyum",29.3099,30.8418,1,"El Fagr News",National,"On or before 25 November 2019, over 300 protesters staged a sit-in at the company Active Wear in Al Fayyum (Fayyum, Fayoum) because of unpaid wages. The protest ended on or before 25 November, and had been going on for an unknown number of days before that .",0,"crowd size=no report",1689711024,193077
EGY10207,2019-11-14,2019,1,Demonstrations,Protests,"Peaceful protest","Protesters (Egypt)","Labor Group (Egypt)",Protesters,,,,"Protesters only",,818,"Northern Africa",Egypt,Sharqia,"10th of Ramadan 1",,"10th of Ramadan City",30.2964,31.7463,1,"ATUC; Rassd; FJ Portal; El Fagr News",Other-National,"From November 11 to November 14, 2019, workers at two Egyptian International Pharmaceutical Industries Company (EIPICO) factories went on strike and held a protest at the factory in 10th of Ramadan City (10 Ramadan, Sharkia). Protesters demanded higher wages, health insurance for families, safe and stable working conditions, and incentives. The company ultimately decided to fire and replace all employees .",0,"crowd size=hundreds",1689711024,16673
EGY10206,2019-11-13,2019,1,Demonstrations,Protests,"Peaceful protest","Protesters (Egypt)","Labor Group (Egypt)",Protesters,,,,"Protesters only",,818,"Northern Africa",Egypt,Sharqia,"10th of Ramadan 1",,"10th of Ramadan City",30.2964,31.7463,1,"FJ Portal; El Fagr News; ATUC; Rassd",Other-National,"On 13 November 2019, workers at two Egyptian International Pharmaceutical Industries Company (EIPICO) factories went on strike and held a protest at the factory in 10th of Ramadan City (10 Ramadan, Sharkia). Protesters demanded higher wages, health insurance for families, safe and stable working conditions, and incentives. The company ultimately decided to fire and replace all employees .",0,"crowd size=hundreds",1689711024,16673
EGY10205,2019-11-12,2019,1,Demonstrations,Protests,"Peaceful protest","Protesters (Egypt)","Labor Group (Egypt)",Protesters,,,,"Protesters only",,818,"Northern Africa",Egypt,Sharqia,"10th of Ramadan 1",,"10th of Ramadan City",30.2964,31.7463,1,"ATUC; Rassd; El Fagr News; FJ Portal",Other-National,"On 12 November 2019, workers at two Egyptian International Pharmaceutical Industries Company (EIPICO) factories went on strike and held a protest at the factory in 10th of Ramadan City (10 Ramadan, Sharkia). Protesters demanded higher wages, health insurance for families, safe and stable working conditions, and incentives. The company ultimately decided to fire and replace all employees .",0,"crowd size=hundreds",1689711024,16673
EGY10201,2019-11-11,2019,1,Demonstrations,Protests,"Peaceful protest","Protesters (Egypt)","Labor Group (Egypt)",Protesters,,,,"Protesters only",,818,"Northern Africa",Egypt,Sharqia,"10th of Ramadan 1",,"10th of Ramadan City",30.2964,31.7463,1,"FJ Portal; El Fagr News; Rassd; ATUC",Other-National,"On 11 November 2019, workers at two Egyptian International Pharmaceutical Industries Company (EIPICO) factories went on strike and held a protest at the factory in 10th of Ramadan City (10 Ramadan, Sharkia). Protesters demanded higher wages, health insurance for families, safe and stable working conditions, and incentives. The company ultimately decided to fire and replace all employees .",0,"crowd size=hundreds",1689711025,16673
EGY10133,2019-10-15,2019,1,Demonstrations,Protests,"Peaceful protest","Protesters (Egypt)","Labor Group (Egypt)",Protesters,,,,"Protesters only",,818,"Northern Africa",Egypt,Giza,"6th of October 1",,"6th October City",29.9464,30.9169,1,"Egypt Window",National,"From October 7 to October 15, 2019, in 6 of October City, over 4000 employees of Universal Engineering Industries staged a sit in protesting against the delayed payment of salaries, the layoff of hundreds of workers, and lack of distribution of incentive .",0,"crowd size=4000",1689711026,10932
EGY10130,2019-10-14,2019,1,Demonstrations,Protests,"Peaceful protest","Protesters (Egypt)","Labor Group (Egypt)",Protesters,,,,"Protesters only",,818,"Northern Africa",Egypt,Giza,"6th of October 1",,"6th October City",29.9464,30.9169,1,"ATUC; Egypt Window",Other-National,"From October 9 to October 14, in 6 of October City, an unknown number of employees at the Eastern Company for Tobacco staged a sit-in protest, calling for an increase in daily incentives and meal allowances as well as the protection of employees' health .",0,"crowd size=no report",1689711026,10932
EGY10126,2019-10-13,2019,1,Demonstrations,Protests,"Peaceful protest","Protesters (Egypt)","Labor Group (Egypt)",Protesters,,,,"Protesters only",,818,"Northern Africa",Egypt,Giza,"6th of October 1",,"6th October City",29.9464,30.9169,1,"Egypt Window; ATUC",Other-National,"From October 9 to October 14, in 6 of October City, an unknown number of employees at the Eastern Company for Tobacco staged a sit-in protest, calling for an increase in daily incentives and meal allowances as well as the protection of employees' health .",0,"crowd size=no report",1689711026,10932
EGY10121,2019-10-12,2019,1,Demonstrations,Protests,"Peaceful protest","Protesters (Egypt)","Labor Group (Egypt)",Protesters,,,,"Protesters only",,818,"Northern Africa",Egypt,Giza,"6th of October 1",,"6th October City",29.9464,30.9169,1,"Egypt Window; ATUC",Other-National,"From October 9 to October 14, in 6 of October City, an unknown number of employees at the Eastern Company for Tobacco staged a sit-in protest, calling for an increase in daily incentives and meal allowances as well as the protection of employees' health .",0,"crowd size=no report",1689711026,10932
EGY10106,2019-10-12,2019,1,Demonstrations,Protests,"Peaceful protest","Protesters (Egypt)","Labor Group (Egypt)",Protesters,,,,"Protesters only",,818,"Northern Africa",Egypt,Giza,"6th of October 1",,"6th October City",29.9464,30.9169,1,"Egypt Window",National,"From October 7 to October 12, 2019, in 6 of October City, employees of Universal Engineering Industries staged a sit in protesting against the delayed payment of salaries and lack of distribution of incentive .",0,"crowd size=no report",1689711026,10932
EGY10112,2019-10-12,2019,1,Demonstrations,Protests,"Protest with intervention","Protesters (Egypt)",,Protesters,"Police Forces of Egypt (2014-)",,"State forces","State forces-Protesters",,818,"Northern Africa",Egypt,Menoufia,Tela,,Tala,30.6803,30.9429,1,"FJ Portal",National,"On 12 October 2019, in Tala, an unknown number of protesters gathered to demand the release of detained protesters from the day before, where police arrested an unknown number of people at a protest calling for retribution and justice for the death of young student Mahmoud al-Banna who had been killed by 3 other youths .",0,"crowd size=no report",1689711026,63844
EGY10118,2019-10-11,2019,1,Demonstrations,Protests,"Peaceful protest","Protesters (Egypt)","Labor Group (Egypt)",Protesters,,,,"Protesters only",,818,"Northern Africa",Egypt,Giza,"6th of October 1",,"6th October City",29.9464,30.9169,1,"ATUC; Egypt Window",Other-National,"From October 9 to October 14, in 6 of October City, an unknown number of employees at the Eastern Company for Tobacco staged a sit-in protest, calling for an increase in daily incentives and meal allowances as well as the protection of employees' health .",0,"crowd size=no report",1689711026,10932
EGY10111,2019-10-11,2019,1,Demonstrations,Protests,"Protest with intervention","Protesters (Egypt)",,Protesters,"Police Forces of Egypt (2014-)",,"State forces","State forces-Protesters",,818,"Northern Africa",Egypt,Menoufia,Tela,,Tala,30.6803,30.9429,1,"FJ Portal",National,"On 11 October 2019, an unknown number of people protested at the funeral of student Mahmoud al-Banna who was killed by three other youths after he defended a girl from them. Police forces arrested protesters and allegedly assaulted a number of others at the protest .",0,"crowd size=no report",1689711026,63844
EGY10116,2019-10-10,2019,1,Demonstrations,Protests,"Peaceful protest","Protesters (Egypt)","Labor Group (Egypt)",Protesters,,,,"Protesters only",,818,"Northern Africa",Egypt,Giza,"6th of October 1",,"6th October City",29.9464,30.9169,1,"ATUC; Egypt Window",Other-National,"From October 9 to October 14, in 6 of October City, an unknown number of employees at the Eastern Company for Tobacco staged a sit-in protest, calling for an increase in daily incentives and meal allowances as well as the protection of employees' health .",0,"crowd size=no report",1689711026,10932
EGY10114,2019-10-09,2019,1,Demonstrations,Protests,"Peaceful protest","Protesters (Egypt)","Labor Group (Egypt)",Protesters,,,,"Protesters only",,818,"Northern Africa",Egypt,Giza,"6th of October 1",,"6th October City",29.9464,30.9169,1,"Egypt Window; ATUC",Other-National,"From October 9 to October 14, in 6 of October City, an unknown number of employees at the Eastern Company for Tobacco staged a sit-in protest, calling for an increase in daily incentives and meal allowances as well as the protection of employees' health .",0,"crowd size=no report",1689711026,10932
EGY10115,2019-10-09,2019,1,Demonstrations,Protests,"Protest with intervention","Protesters (Egypt)","Labor Group (Egypt)",Protesters,"Police Forces of Egypt (2014-)",,"State forces","State forces-Protesters",,818,"Northern Africa",Egypt,Giza,"6th of October 1",,"6th October City",29.9464,30.9169,1,"Egypt Window; ATUC",Other-National,"On or after October 9, 2019, in 6 of October City, Egyptian police arrested 28 employees of the Eastern Company for Tobacco for participating in a sit-in that demanded higher incentives, increased meal allowances, and respect for employees' health .",0,"crowd size=no report",1689711026,10932
EGY10096,2019-10-08,2019,1,Demonstrations,Protests,"Peaceful protest","Protesters (Egypt)","Women (Egypt); Health Workers (Egypt)",Protesters,,,,"Protesters only",,818,"Northern Africa",Egypt,Aswan,"New Aswan",,"Gharb Aswan",24.1903,32.8545,1,Elsaba7,National,"On 8 October 2019, in West Aswan, a group mostly comprised of women and hospital workers protested against drug addiction .",0,"crowd size=no report",1689711026,12
EGY10125,2019-10-07,2019,1,Demonstrations,Protests,"Peaceful protest","Protesters (Egypt)","Labor Group (Egypt)",Protesters,,,,"Protesters only",,818,"Northern Africa",Egypt,Giza,"6th of October 1",,"6th October City",29.9464,30.9169,1,"Egypt Window; ATUC; FJ Portal",Other-National,"On 7 October 2019, in 6 of October City, over 4000 employees of Universal Engineering Industries staged a sit in protesting against the delayed payment of salaries, the layoff of hundreds of workers, and lack of distribution of incentive. The protest continued until October 15 2019. .",0,"crowd size=over 4000",1689711026,10932
EGY10059,2019-10-04,2019,1,Demonstrations,Protests,"Peaceful protest","Protesters (Egypt)",,Protesters,,,,"Protesters only",,818,"Northern Africa",Egypt,"Kafr el-Sheikh",Motobas,,Mutubas,31.2946,30.5226,1,"Nile News TV; Al Gomhurriah; Al Dostor",National,"On 4 October 2019, in Mutubas, thousands of civilians gathered for the funeral of Jalal Saad Harbi al-Shami, a member of the Egyptian Military Forces who was killed by militants in North Sinai a week prior. The funeral evolved into a peaceful protest against terrorism .",0,"crowd size=thousands",1689711026,38538
EGY10637,2019-12-23,2019,1,Demonstrations,Riots,"Violent demonstration","Rioters (Egypt)","Prisoners (Egypt); Former Military Forces of Egypt (2014-)",Rioters,"Police Forces of Egypt (2014-)",,"State forces","State forces-Rioters",,818,"Northern Africa",Egypt,Qalyubia,"Al Obor",,"El Obour City",30.2314,31.4764,1,"FJ Portal",National,"On 23 December 2019, clashes broke out between prison administration and approximately 26 former Egyptian military officers who are now prisoners in Haykestep region of El Obour City (Kalyoubia), which resulted in the prison administration calling in Egyptian Special Forces to end the clashes. The prisoners were demonstrating and demanding their release and better treatments in prison when clashes broke out, resulting in an unspecificed number of injuries.",0,"crowd size=no report",1693414517,37373
EGY10816,2020-04-07,2020,1,Demonstrations,Riots,"Violent demonstration","Rioters (Egypt)",,Rioters,"Police Forces of Egypt (2014-)",,"State forces","State forces-Rioters",,818,"Northern Africa",Egypt,Beheira,"Kafr Al Dawar City",,"Kafr ad Dawwar",31.1340,30.1280,1,"Dotmsr; FJ Portal; New Arab",National-Regional,"On 7 April 2020, Egyptian police forces fired bullets into the air and clashed with members of a large crowd of mourners at a funeral in Kafr ad Dawwar (Kafr ad Dawwar, Behera). Police were attempting to break up the funeral which was in violation of coronavirus restrictions.",0,"crowd size=large",1764637279,210115
EGY10953,2020-06-13,2020,2,"Political violence",Riots,"Mob violence","Rioters (Egypt)",,Rioters,"Civilians (Egypt)","Health Workers (Egypt)",Civilians,Rioters-Civilians,"Civilian targeting",818,"Northern Africa",Egypt,Qalyubia,"Al Qanater Al Khayreya",,"Al Qanatir al Khayriyah",30.1933,31.1370,1,"New Arab",Regional,"Around 13 June 2020, a group of a deceased patient's relatives attacked a doctor and caused property damage in Al Qanater Hospital in Al Qanatir al Khayriyah (Qalyub, Kalyoubia) after the patient died from coronavirus. There were no lasting injuries or fatalities.",0,"crowd size=no report",1764637279,89757
EGY10961,2020-06-22,2020,1,"Political violence",Riots,"Mob violence","Rioters (Egypt)",,Rioters,"Civilians (Egypt)","Women (Egypt)",Civilians,Rioters-Civilians,"Civilian targeting",818,"Northern Africa",Egypt,Cairo,Torah,,"Cairo - Tura",29.9410,31.3145,1,"Amnesty International; Egyptian Streets; New Arab; The Observatory for the Protection of Human Rights Defenders",Other-National,"On 22 June 2020, the two sisters and mother of detained activist Alaa Abdel Fattah were attacked by a group of women outside of the Tura Prison Complex in Tura (Tura, Cairo), during which the women beat the sisters and mother with sticks, pulled their hair, and dragged them on the ground as security forces looked on. One of the sisters was arrested the next day when she went to file a complaint about the incident. It is unclear what prompted the attack.",0,"crowd size=no report; women targeted: relatives of targeted groups or persons",1764637279,24744
EGY10980,2020-07-10,2020,2,"Political violence",Riots,"Mob violence","Rioters (Egypt)","Vigilante Group (Egypt)",Rioters,"Civilians (Egypt)","Farmers (Egypt); Men (Egypt)",Civilians,Rioters-Civilians,"Civilian targeting",818,"Northern Africa",Egypt,Beheira,"Housh Issa",,"Hawsh Isa",30.9128,30.2902,2,"Masr Alarabia",National,"Around 10 July 2020, approximately 11 rioters assaulted a farmer after stripping him of his clothes and tying him to an electric pole in a village in Hawsh Isa (Damanhur, Behera) for allegedly stealing from a vineyard. There were no fatalities. Several arrests were made.",0,"crowd size=around 11; sexual violence",1693414517,91127
EGY11112,2020-09-21,2020,1,Demonstrations,Riots,"Violent demonstration","Rioters (Egypt)",,Rioters,"Police Forces of Egypt (2014-)",,"State forces","State forces-Rioters",,818,"Northern Africa",Egypt,Giza,"Al Badrashen",,Al-Badrashin,29.8142,31.2500,1,"Dotmsr; Egypt Today; Madamasr; New Arab",National-Regional,"On 21 September 2020, police intervened in demonstrations in Al-Badrashin (Badrashain, Giza), arresting 27 demonstrators after a group of them vandalized a police vehicle. Other demonstrators in the area called for the end of President Sisi's time in office and denounced home and building demolitions on the week of the anniversary of widespread demonstrations a year prior.",0,"crowd size=at least 27",1764637279,47781
EGY11146,2020-09-25,2020,1,Demonstrations,Riots,"Violent demonstration","Rioters (Egypt)",,Rioters,"Police Forces of Egypt (2014-)",,"State forces","State forces-Rioters",,818,"Northern Africa",Egypt,Giza,"Al Aiad",,"Al Bileida",29.6728,31.2497,1,"AFP; New Arab; Rassd",National-Regional,"On 25 September 2020, Egyptian police forces clashes with demonstrators during a demonstration in the village of Al Bileida (Ayat, Giza), killing three men and wounding others.",3,"crowd size=at least 3",1764637279,36143
EGY10786,2020-03-18,2020,1,Demonstrations,Protests,"Protest with intervention","Protesters (Egypt)","Women (Egypt)",Protesters,"Police Forces of Egypt (2014-)",,"State forces","State forces-Protesters",,818,"Northern Africa",Egypt,Cairo,"Al Zaytoun",,"Cairo - Hada'iq al Qubbah",30.0979,31.3048,1,"AFP; Amnesty International; Egypt State Information Service; FJ Portal; HRW; Masr Alarabia; New Arab; Rassd; World Organization Against Torture",Other-National,"On 18 March 2020, Egyptian Police Forces arrested 4 prominent Egyptian women activists who were holding a small demonstration in front of the Egyptian Cabinet building and Hada'iq al Qubbah (Cairo - Hada'iq al Qubbah, Al Zaytoun). The women were calling on the Egyptian government to release prisoners to prevent an outbreak of coronavirus amongst detainees.",0,"crowd size=4",1764637279,70820
EGY10795,2020-03-23,2020,1,Demonstrations,Protests,"Protest with intervention","Protesters (Egypt)",,Protesters,"Police Forces of Egypt (2014-)",,"State forces","State forces-Protesters",,818,"Northern Africa",Egypt,Alexandria,"Bab Sharqi",,Alexandria,31.1981,29.9192,1,"Al Akhbar (Egypt); Al Masry Al Youm (Egypt); FJ Portal; Masr Alarabia; Rassd",National,"On 23 March 2020, police carried out numerous arrests as dozens of people marched through the streets of Alexandria (Alexandria), calling on God to protect Egyptians from coronavirus. The march violated provisions against large gatherings instated to put prevent the transmission of coronavirus.",0,"crowd size=dozens",1753970510,86559
EGY10820,2020-04-11,2020,1,Demonstrations,Protests,"Protest with intervention","Protesters (Egypt)",,Protesters,"Police Forces of Egypt (2014-)",,"State forces","State forces-Protesters",,818,"Northern Africa",Egypt,Dakahlia,"Al Mansoura 2",,"Al Mansurah",31.0364,31.3807,2,"AFP; Akhbar Al Youm (Egypt); Al Ahram; Al Gomhurriah; Al Masry Al Youm (Egypt); Al Shorouk; Daily News (Egypt); Egyptian Streets; El Fagr News; FJ Portal; Masr Alarabia; Soutalomma; Tahrir News (Egypt); Twitter; Youm7","New media-National","On 11 April 2020, Egyptian police forces fired tear gas into a crowd of dozens of protesters in the village of Shubra Al Baho outside of Al Mansurah (Al Mansurah, Dakahlia), demonstrating against the burial of a woman who had died of coronavirus. Police arrested 23 protesters.",0,"crowd size=dozens",1753970510,101644
EGY10959,2020-06-21,2020,1,Demonstrations,Protests,"Peaceful protest","Protesters (Egypt)","Labor Group (Egypt)",Protesters,,,,"Protesters only",,818,"Northern Africa",Egypt,Cairo,"Al Zaytoun",,"Cairo - Hada'iq al Qubbah",30.0979,31.3048,1,"ATUC; New Arab",Other-Regional,"On 21 June 2020, employees of the Grand Nile Tower Hotel staged a sit-in in the hotel lobby in Hada'iq al Qubbah (Hada'iq al Qubbah, Cairo), protesting against the decrease in salaries since the outbreak of coronavirus in Egypt.",0,"crowd size=no report",1764637279,70820
EGY10972,2020-07-04,2020,1,Demonstrations,Protests,"Peaceful protest","Protesters (Egypt)","Labor Group (Egypt)",Protesters,,,,"Protesters only",,818,"Northern Africa",Egypt,Alexandria,"Bab Sharqi",,Alexandria,31.1981,29.9192,1,ATUC,Other,"On 4 July 2020, employees of the Nile Insulating Materials Company entered a sit-in in Alexandria (Bab Sharqi, Alexandria), calling on management to respond to previous demands for increased wages, disbursement of allowances, and protection for the health of the employees.",0,"crowd size=no report",1714445489,86559
EGY10981,2020-07-17,2020,1,Demonstrations,Riots,"Violent demonstration","Rioters (Egypt)",,Rioters,"Police Forces of Egypt (2014-)",,"State forces","State forces-Rioters",,818,"Northern Africa",Egypt,Alexandria,"Mena Al Basal",,"Al Qabbari",31.1731,29.8798,1,"FJ Portal; New Arab; Rassd",National-Regional,"On 17 July 2020, Egyptian police forces fired tear gas canisters and arrested an unknown number of demonstrators who gathered in Al Qubari (Bab Sharqi, Alexandria) to demonstrate against the government's decision to force them to leave their homes and move to designated rental units. There were reports of clashes between demonstrators and police forces that left an unknown number of demonstrators injured.",0,"crowd size=dozens",1764637279,251776
EGY11128,2020-09-22,2020,1,Demonstrations,Protests,"Protest with intervention","Protesters (Egypt)",,Protesters,"Police Forces of Egypt (2014-)",,"State forces","State forces-Protesters",,818,"Northern Africa",Egypt,Cairo,"Al Mataria City",,"Cairo - Al Matareya",30.1235,31.3115,1,"New Arab",Regional,"On 22 September 2020, police intervened in protests in Al Matareya (Cairo), where protesters called for the end of President Sisi's time in office during the week of the anniversary of widespread protests a year prior.",0,"crowd size=no report",1764637279,226160
EGY11150,2020-09-25,2020,2,Demonstrations,Protests,"Peaceful protest","Protesters (Egypt)","Lawyers (Egypt)",Protesters,,,,"Protesters only",,818,"Northern Africa",Egypt,Cairo,"Al Waily",,Cairo,30.0771,31.2859,1,Rassd,National,"Around 25 September 2020, dozens of lawyers protested against a raise in taxes for lawyers in Cairo (Cairo, Cairo).",0,"crowd size=dozens",1714445489,79068
EGY11151,2020-09-25,2020,1,Demonstrations,Protests,"Protest with intervention","Protesters (Egypt)",,Protesters,"Police Forces of Egypt (2014-)",,"State forces","State forces-Protesters",,818,"Northern Africa",Egypt,Cairo,"Al Waily",,Cairo,30.0771,31.2859,1,"Egypt Today",National,"On 25 September 2020, Egyptian police forces arrested protesters who blocked a main road in Cairo (Cairo, Cairo) as they called for an end to President Sisi's time in office.",0,"crowd size=no report",1753970510,79068
EGY11159,2020-09-26,2020,1,Demonstrations,Protests,"Protest with intervention","Protesters (Egypt)",,Protesters,"Police Forces of Egypt (2014-)",,"State forces","State forces-Protesters",,818,"Northern Africa",Egypt,Cairo,"Al Dahier",,"Cairo - Al Nozha",30.0680,31.2687,1,"New Arab",Regional,"On 26 September 2020, hundreds of protesters gathered in Saqr Quraysh neighborhood in Al Nozha (Cairo), protesting the demolition of buildings to make room for a new road and bridge in their area. Reports say that police 'chased' protesters, but gave no further details on police-protester interactions.",0,"crowd size=hundreds",1764637279,141039
EGY10060,2019-10-04,2019,1,Demonstrations,Protests,"Peaceful protest","Protesters (Egypt)","Lawyers (Egypt)",Protesters,,,,"Protesters only",,818,"Northern Africa",Egypt,Gharbia,"Greater Mahala 1",,"Al Mahallah al Kubra",30.9761,31.1669,2,"Al Shorouk; BBC News",National-International,"On 4 October 2019, in Al Mahallah al Kubra, an unspecified number of lawyers protested in front of a police station demanding justice for a lawyer who was assaulted by a police officer during a disagreement over parking.",0,"crowd size=no report",1728954620,147233
EGY10658,2019-12-22,2019,2,Demonstrations,Protests,"Peaceful protest","Protesters (Egypt)",,Protesters,,,,"Protesters only",,818,"Northern Africa",Egypt,Beheira,"Damanhour City",,Damanhur,31.0392,30.4691,1,"FJ Portal",National,"On or before 22 December 2019, protesters gathered at night in Damanhur (Damanhur, Behera) to protest against the treatment of Uighur Muslims in China as well as of conditions in Egypt, such as treatment of detainees, poor economic conditions, and enforced disappearances.",0,"crowd size=no report",1728954622,122636
EGY10659,2019-12-29,2019,2,Demonstrations,Protests,"Peaceful protest","Protesters (Egypt)",,Protesters,,,,"Protesters only",,818,"Northern Africa",Egypt,Beheira,"Damanhour City",,Damanhur,31.0392,30.4691,1,"FJ Portal",National,"On or before 29 December 2019, protesters gathered at night in Damanhur (Damanhur, Behera) to protest against actions by the Egyptian Military Forces. They criticized the enforced disappearance in torture of youth, and called for immediate release of detainees and justice for those who had died.",0,"crowd size=no report",1728954622,122636
EGY11166,2020-09-30,2020,1,Demonstrations,Riots,"Violent demonstration","Rioters (Egypt)",,Rioters,"Police Forces of Egypt (2014-)",,"State forces","State forces-Rioters",,818,"Northern Africa",Egypt,Luxor,"Luxor City",,Luxor,25.6965,32.6459,1,"Amnesty International; GardaWorld; Madamasr; New Arab",Other-National,"On 30 September 2020, Egyptian police forces attacked demonstrators, fired birdshot and tear gas, and arrested an unknown number of demonstrators in Luxor (Luxor, Luxor) to break up demonstrators who gathered for a public funeral for a civilian who was shot and killed by police in Luxor. Sources report there were skirmishes between demonstrators and police where demonstrators threw molotov cocktails and bricks and the skirmishes lasted into the morning of 31 September 2020.",0,"crowd size=no report",1764637279,136505
EGY10782,2020-03-14,2020,2,Demonstrations,Protests,"Peaceful protest","Protesters (Egypt)",,Protesters,,,,"Protesters only",,818,"Northern Africa",Egypt,Giza,"6th of October 1",,"6th October City",29.9464,30.9169,1,"El Fagr News",National,"On or before 14 March 2020, residents of Ahmed Baghat's Dreamland Compound organized a protest at the compound in 6th October City (Giza, Giza), after electricity had been out for over 72 hours throughout the compound except for Ahmed Baghat's villa.",0,"crowd size=no report",1734465833,11092
EGY10815,2020-04-06,2020,1,Demonstrations,Protests,"Peaceful protest","Protesters (Egypt)","Health Workers (Egypt)",Protesters,,,,"Protesters only",,818,"Northern Africa",Egypt,Giza,"6th of October 1",,"6th October City",29.9464,30.9169,1,"El Fagr News",National,"On 6 April 2020, staff and patients staged a sit-in at Sheikh Zayed Hospital in 6th October City (Giza, Giza), protesting against a directive that would distribute patients and staff to other hospitals.",0,"crowd size=no report",1734465833,11092
EGY11144,2020-09-25,2020,1,Demonstrations,Protests,"Protest with intervention","Protesters (Egypt)",,Protesters,"Police Forces of Egypt (2014-)",,"State forces","State forces-Protesters",,818,"Northern Africa",Egypt,Giza,"6th of October 1",,"6th October City",29.9464,30.9169,1,Rassd,National,"On 25 September 2020, Egyptian police forces intervened as protesters gathered to call for the end of President Sisi's time in office in 6th October City (Giza, Giza). The nature of the intervention was not reported.",0,"crowd size=no report",1753970510,11092
EGY11122,2020-09-21,2020,1,Demonstrations,Protests,"Protest with intervention","Protesters (Egypt)",,Protesters,"Police Forces of Egypt (2014-)",,"State forces","State forces-Protesters",,818,"Northern Africa",Egypt,Fayoum,Tamia,,Tamiyah,29.4764,30.9612,2,"New Arab",Regional,"On 21 September 2020, police intervened in protests in Dar El Salam in Tamya (Fayoum), where protesters called for the end of President Sisi's time in office during the week of the anniversary of widespread protests a year prior.",0,"crowd size=no report",1764637279,56113
EGY11131,2020-09-22,2020,1,Demonstrations,Protests,"Protest with intervention","Protesters (Egypt)",,Protesters,"Police Forces of Egypt (2014-)",,"State forces","State forces-Protesters",,818,"Northern Africa",Egypt,Fayoum,Tamia,,Tamiyah,29.4764,30.9612,2,"New Arab",Regional,"On 22 September 2020, police intervened in protests in Dar El Salaam in Tamya (Fayoum), where protesters called for the end of President Sisi's time in office during the week of the anniversary of widespread protests a year prior.",0,"crowd size=no report",1764637279,56113
EGY10690,2020-01-28,2020,2,"Political violence; Demonstrations",Protests,"Excessive force against protesters","Protesters (Egypt)","Journalists (Egypt)",Protesters,"Unidentified Armed Group (Egypt)",,"Political militia","Political militia-Protesters","Civilian targeting",818,"Northern Africa",Egypt,Giza,"Al Agouza",,Mohandiseen,30.0574,31.1995,1,"El Fagr News",National,"Around 28 January 2020, a group of men attacked and severely injured an employee of Tahrir Newspaper in Mohandiseen (Al-Aguza, Giza), also stealing equipment from the newspaper's headquarters. The employee was participating in a sit-in that has been ongoing since 10 September 2019 protesting a planned reduction in wages and increase in work hours. El Fagr News reports the attackers were hired by the owner of the newspaper .",0,"crowd size=no report",1745363461,111960
EGY10737,2020-02-16,2020,1,Demonstrations,Protests,"Peaceful protest","Protesters (Egypt)","Women (Egypt)",Protesters,,,,"Protesters only",,818,"Northern Africa",Egypt,Cairo,Abdeen,,"Cairo - Abdeen",30.0450,31.2489,1,"New Arab",Regional,"On 16 February 2020, the mother and two sisters of prominent activist Alaa Abdel Fattah, who was arrested in September 2019, organized a protest in front of the Ministry of Justice in Abdeen (Abdeen, Cairo), demanding better treatment for Alaa in prison. The three women were stopped by police who asked about the complaint they had filed and said they would pass it on to officials.",0,"crowd size=at least 3",1764637279,44517
EGY10780,2020-03-11,2020,1,Demonstrations,Protests,"Peaceful protest","Protesters (Egypt)","Health Workers (Egypt)",Protesters,,,,"Protesters only",,818,"Northern Africa",Egypt,Giza,"Imbabah City",,Imbabah,30.0763,31.2067,1,"El Fagr News; New Arab",National-Regional,"On 11 March 2020, nurses organized a protest in front of Imbabah Fever Hospital in Imbabah (Imbabah, Giza), protesting against the response of the hospital administration towards one of their fellow nurses who contracted coronavirus during the course of her work.",0,"crowd size=no report",1764637279,209948
EGY10837,2020-04-06,2020,1,Demonstrations,Protests,"Peaceful protest","Protesters (Egypt)","Labor Group (Egypt)",Protesters,,,,"Protesters only",,818,"Northern Africa",Egypt,Cairo,Bolak,,"Cairo - Bulaq",30.0604,31.2315,1,"FJ Portal",National,"On 6 April 2020, employees of the construction company Orascom staged a protest in Bulaq (Bulaq, Cairo) after administrators would not ease pressure on workers or grant more holidays.",0,"crowd size=no report",1745363461,49686
EGY10843,2020-04-07,2020,3,Demonstrations,Protests,"Peaceful protest","Protesters (Egypt)",,Protesters,,,,"Protesters only",,818,"Northern Africa",Egypt,Qalyubia,"Shoubra Al Khiema 1",,"Shubra al Khayma",30.1251,31.2505,1,"FJ Portal",National,"Around 7 April 2020 (between 1 April - 15 April), dozens of civilians gathered to protest in Shubra al Khaymah (Shubra al Khaymah, Kalyoubia) against the burial of people who died of coronavirus.",0,"crowd size=dozens",1745363461,214165
EGY11093,2020-09-13,2020,1,Demonstrations,Protests,"Protest with intervention","Protesters (Egypt)",,Protesters,"Police Forces of Egypt (2014-)",,"State forces","State forces-Protesters",,818,"Northern Africa",Egypt,Cairo,"Monshait Nasir",,"Cairo - Manshiyat Nasr",30.0420,31.2831,1,"New Arab",Regional,"On 13 September 2020, dozens of residents protested in Al Duwayqah in Manshiyat Nasr (Cairo) to demand compensation after their homes were demolished. Security forces intervened to disperse the protesters and arrested a number of them.",0,"crowd size=dozens",1764637279,141014
EGY11103,2020-09-20,2020,1,Demonstrations,Protests,"Protest with intervention","Protesters (Egypt)",,Protesters,"Police Forces of Egypt (2014-)",,"State forces","State forces-Protesters",,818,"Northern Africa",Egypt,Giza,"Al Warak",,"Al Warraq",30.1009,31.2167,1,"New Arab; Rassd",National-Regional,"On 20 September 2020, an unknown number of protesters gathered in Al Warraq (Waraq, Giza) to protest against the demolition of homes and buildings for construction projects and to call for the removal of President Sisi from office. Details of the police intervention were not reported except that it occurred.",0,"crowd size=no report",1764637279,335769
EGY11111,2020-09-21,2020,1,Demonstrations,Protests,"Protest with intervention","Protesters (Egypt)",,Protesters,"Police Forces of Egypt (2014-)",,"State forces","State forces-Protesters",,818,"Northern Africa",Egypt,Giza,"Al Warak",,"Al Warraq",30.1009,31.2167,1,"Madamasr; New Arab",National-Regional,"On 21 September 2020, police intervened in protests and arrestsed at least 4 protesters in Al Warraq (Waraq, Giza), where protesters called for the end of President Sisi's time in office on the week of the anniversary of widespread protests a year prior.",0,"crowd size=at least 4",1764637279,335769
EGY11121,2020-09-21,2020,1,Demonstrations,Protests,"Protest with intervention","Protesters (Egypt)",,Protesters,"Police Forces of Egypt (2014-)",,"State forces","State forces-Protesters",,818,"Northern Africa",Egypt,Qalyubia,"Shoubra Al Khiema 1",,"Shubra al Khayma",30.1251,31.2505,1,"New Arab",Regional,"On 21 September 2020, police intervened in protests in Shubra al Khayma (Shubra al Khayma, Kalyoubia), where protesters called for the end of President Sisi's time in office on the week of the anniversary of widespread protests a year prior.",0,"crowd size=no report",1764637279,214165
EGY11125,2020-09-22,2020,1,Demonstrations,Protests,"Protest with intervention","Protesters (Egypt)",,Protesters,"Police Forces of Egypt (2014-)",,"State forces","State forces-Protesters",,818,"Northern Africa",Egypt,Giza,"Al Warak",,"Al Warraq",30.1009,31.2167,1,"New Arab",Regional,"On 22 September 2020, police intervened in protests in Al Warraq (Waraq, Giza), where protesters called for the end of President Sisi's time in office on the week of the anniversary of widespread protests a year prior.",0,"crowd size=no report",1764637279,335769
EGY10143,2019-10-20,2019,1,Demonstrations,Riots,"Violent demonstration","Rioters (Egypt)",,Rioters,"Police Forces of Egypt (2014-)",,"State forces","State forces-Rioters",,818,"Northern Africa",Egypt,Menoufia,"Shebeen Al Kom City",,"Shibin al Kawm",30.5526,31.0090,1,"Al Dostor; Al Masry Al Youm (Egypt); AP; BBC News; Cairo Now; Daily News (Egypt); Dotmsr; Egypt Today; Masr Alarabia; Youm7",National-International,"On 20 October 2019, in Shibin al Kawm, dozens of demonstrators gathered in side streets around the Shibin al Kawm juvenile court on the first day of the trial for the murder of a local youth. Demonstrations turned into clashes and over 50 demonstrators were arrested by police forces. Police accused those arrested of being Muslim Brotherhood agents, sent in to provoke riots. Police allegedly forced 22 confessions.",0,"crowd size=dozens",1747779128,208451
EGY10649,2019-12-31,2019,1,"Political violence",Riots,"Mob violence","Rioters (Egypt)",,Rioters,"Civilians (Egypt)","Women (Egypt)",Civilians,Rioters-Civilians,"Civilian targeting",818,"Northern Africa",Egypt,Dakahlia,"Al Mansoura 2",,"Al Mansurah",31.0364,31.3807,1,"AP; Cairo Now; Dotmsr; Egypt Independent; Egypt Radio and TV Network; Egyptian Streets; El Fagr News; Madamasr; Masr Alarabia; Misr5",National-International,"On the 31 December 2019, at least 17 men began to physically and verbally harassed the young woman wearing a short skirt in Al Mansurah (Dakahlia), which led to clashes as other men nearby began fighting the attackers as they tried to protect the woman before she could escape. Police have since arrested 17 men.",0,"crowd size=more than 17",1747779128,273423
EGY11083,2020-09-07,2020,1,Demonstrations,Protests,"Peaceful protest","Protesters (Egypt)",,Protesters,,,,"Protesters only",,818,"Northern Africa",Egypt,Giza,"Al Omrania",,"Al Mounib",29.9864,31.1998,1,"AP; FJ Portal; New Arab; Rassd",National-Regional,"On 7 September 2020, dozens of protesters gathered outside a police station in Al Mounib (Giza, Giza) to protest the death of a detainee under police custody.",0,"crowd size=no report",1764637279,97713
EGY11157,2020-09-25,2020,1,Demonstrations,Protests,"Protest with intervention","Protesters (Egypt)",,Protesters,"Police Forces of Egypt (2014-)",,"State forces","State forces-Protesters",,818,"Northern Africa",Egypt,Damietta,Damietta,,Shata,31.4122,31.8660,1,AP,International,"On 25 September 2020, Egyptian police forces intervened and arrested an unknown number of protesters after dozens of protesters called for the end of President Sisi's time in office in Shata (Dumyat, Damietta).",0,"crowd size=dozens",1753970510,6343
